Time,
324.74171805381775
297.5060386657715
298.40069484710693
299.6068043708801
324.34518671035767
297.51362323760986
297.83302426338196
351.05051040649414
297.4762668609619
297.74338698387146
