Time,
94.78330039978027
94.96224999427795
95.11040806770325
95.15288424491882
95.10813903808594
95.18454265594482
95.11783266067505
95.17671632766724
95.19284534454346
95.18930053710938
95.19534921646118
95.15158128738403
95.17746186256409
95.23180103302002
95.18977522850037
95.16180634498596
95.19782018661499
95.18195223808289
95.20195364952087
95.17425155639648
95.1972770690918
95.19161295890808
95.21484160423279
95.18041062355042
95.15646147727966
95.19447445869446
95.24141955375671
95.18533849716187
95.20863485336304
95.22623658180237
